data_fold,dataset,image_session_id,evaluation
test,abide-i-dataset,0050032,multisite
test,abide-i-dataset,0050046,multisite
test,abide-i-dataset,0050058,multisite
test,abide-i-dataset,0050440,multisite
test,abide-i-dataset,0050657,multisite
test,abide-i-dataset,0050683,multisite
test,abide-i-dataset,0050698,multisite
test,abide-i-dataset,0050709,multisite
test,abide-i-dataset,0051068,multisite
test,abide-i-dataset,0051146,multisite
test,abide-i-dataset,0051156,multisite
test,abide-i-dataset,0051334,multisite
test,abide-i-dataset,0051343,multisite
test,abide-i-dataset,0051345,multisite
test,abide-i-dataset,0051559,multisite
test,abide-i-dataset,0051561,multisite
test,adni,108505,multisite
test,adni,119118,multisite
test,adni,121435,multisite
test,adni,33489,multisite
test,adni,35841,multisite
test,adni,36903,multisite
test,adni,38926,multisite
test,adni,39868,multisite
test,adni,40772,multisite
test,adni,42434,multisite
test,adni,45183,multisite
test,adni,45881,multisite
test,adni,46629,multisite
test,adni,52781,multisite
test,adni,59666,multisite
test,adni,64867,multisite
test,adni,65611,multisite
test,adni,65752,multisite
test,adni,66462,multisite
test,adni,66997,multisite
test,adni,90848,multisite
test,adni,96221,multisite
test,camcan,110098,multisite
test,camcan,120218,multisite
test,camcan,121397,multisite
test,camcan,210422,multisite
test,camcan,220098,multisite
test,camcan,220115,multisite
test,camcan,220151,multisite
test,camcan,220198,multisite
test,camcan,220203,multisite
test,camcan,220223,multisite
test,camcan,220535,multisite
test,camcan,220635,multisite
test,camcan,221886,multisite
test,camcan,222797,multisite
test,camcan,310086,multisite
test,camcan,312058,multisite
test,camcan,320109,multisite
test,camcan,320269,multisite
test,camcan,320576,multisite
test,camcan,320687,multisite
test,camcan,321368,multisite
test,camcan,321428,multisite
test,camcan,321504,multisite
test,camcan,410086,multisite
test,camcan,410179,multisite
test,camcan,410325,multisite
test,camcan,420060,multisite
test,camcan,420167,multisite
test,camcan,420197,multisite
test,camcan,420587,multisite
test,camcan,420776,multisite
test,camcan,510039,multisite
test,camcan,510284,multisite
test,camcan,510483,multisite
test,camcan,510568,multisite
test,camcan,520011,multisite
test,camcan,520097,multisite
test,camcan,520134,multisite
test,camcan,520136,multisite
test,camcan,520168,multisite
test,camcan,520424,multisite
test,camcan,610051,multisite
test,camcan,610076,multisite
test,camcan,610227,multisite
test,camcan,610405,multisite
test,camcan,610496,multisite
test,camcan,620085,multisite
test,camcan,620106,multisite
test,camcan,620164,multisite
test,camcan,620259,multisite
test,camcan,620549,multisite
test,camcan,620619,multisite
test,camcan,620885,multisite
test,camcan,620935,multisite
test,camcan,710382,multisite
test,camcan,710566,multisite
test,camcan,711244,multisite
test,camcan,720119,multisite
test,camcan,720188,multisite
test,camcan,720304,multisite
test,camcan,720407,multisite
test,cc-359,0015,multisite
test,cc-359,0028,multisite
test,cc-359,0035,multisite
test,cc-359,0046,multisite
test,cc-359,0063,multisite
test,cc-359,0076,multisite
test,cc-359,0081,multisite
test,cc-359,0096,multisite
test,cc-359,0102,multisite
test,cc-359,0103,multisite
test,cc-359,0118,multisite
test,cc-359,0121,multisite
test,cc-359,0122,multisite
test,cc-359,0123,multisite
test,cc-359,0131,multisite
test,cc-359,0137,multisite
test,cc-359,0159,multisite
test,cc-359,0161,multisite
test,cc-359,0168,multisite
test,cc-359,0173,multisite
test,cc-359,0178,multisite
test,cc-359,0190,multisite
test,cc-359,0203,multisite
test,cc-359,0206,multisite
test,cc-359,0218,multisite
test,cc-359,0222,multisite
test,cc-359,0224,multisite
test,cc-359,0245,multisite
test,cc-359,0251,multisite
test,cc-359,0257,multisite
test,cc-359,0269,multisite
test,cc-359,0285,multisite
test,cc-359,0313,multisite
test,cc-359,0335,multisite
test,cc-359,0358,multisite
test,fcon1000-dataset,A00028177,multisite
test,fcon1000-dataset,A00029127,multisite
test,fcon1000-dataset,A00029215,multisite
test,fcon1000-dataset,A00031217,multisite
test,fcon1000-dataset,A00031459,multisite
test,fcon1000-dataset,A00031871,multisite
test,fcon1000-dataset,A00033231,multisite
test,fcon1000-dataset,A00033589,multisite
test,fcon1000-dataset,A00033609,multisite
test,fcon1000-dataset,A00033640,multisite
test,fcon1000-dataset,A00033647,multisite
test,fcon1000-dataset,A00033764,multisite
test,fcon1000-dataset,A00033834,multisite
test,fcon1000-dataset,A00035625,multisite
test,fcon1000-dataset,A00037123,multisite
test,fcon1000-dataset,A00037198,multisite
test,fcon1000-dataset,A00037266,multisite
test,fcon1000-dataset,A00037387,multisite
test,fcon1000-dataset,A00037457,multisite
test,fcon1000-dataset,A00037511,multisite
test,fcon1000-dataset,A00037588,multisite
test,fcon1000-dataset,A00037767,multisite
test,fcon1000-dataset,A00038522,multisite
test,fcon1000-dataset,A00039218,multisite
test,fcon1000-dataset,A00039276,multisite
test,fcon1000-dataset,A00039655,multisite
test,fcon1000-dataset,A00039699,multisite
test,fcon1000-dataset,A00039820,multisite
test,fcon1000-dataset,A00039988,multisite
test,fcon1000-dataset,A00040193,multisite
test,fcon1000-dataset,A00040286,multisite
test,fcon1000-dataset,A00040311,multisite
test,fcon1000-dataset,A00040573,multisite
test,fcon1000-dataset,A00043283,multisite
test,fcon1000-dataset,A00043462,multisite
test,fcon1000-dataset,A00043722,multisite
test,fcon1000-dataset,A00044307,multisite
test,fcon1000-dataset,A00044344,multisite
test,fcon1000-dataset,A00050940,multisite
test,fcon1000-dataset,A00050977,multisite
test,fcon1000-dataset,A00051678,multisite
test,fcon1000-dataset,A00052126,multisite
test,fcon1000-dataset,A00052180,multisite
test,fcon1000-dataset,A00052499,multisite
test,fcon1000-dataset,A00052577,multisite
test,fcon1000-dataset,A00053202,multisite
test,fcon1000-dataset,A00053902,multisite
test,fcon1000-dataset,A00054173,multisite
test,fcon1000-dataset,A00055738,multisite
test,fcon1000-dataset,A00056949,multisite
test,fcon1000-dataset,A00058318,multisite
test,fcon1000-dataset,A00058952,multisite
test,fcon1000-dataset,A00059346,multisite
test,fcon1000-dataset,A00060185,multisite
test,fcon1000-dataset,A00060264,multisite
test,fcon1000-dataset,A00061387,multisite
test,fcon1000-dataset,A00061598,multisite
test,fcon1000-dataset,A00062351,multisite
test,fcon1000-dataset,A00064053,multisite
test,ixi-dataset,039,multisite
test,ixi-dataset,050,multisite
test,ixi-dataset,066,multisite
test,ixi-dataset,067,multisite
test,ixi-dataset,071,multisite
test,ixi-dataset,075,multisite
test,ixi-dataset,085,multisite
test,ixi-dataset,086,multisite
test,ixi-dataset,115,multisite
test,ixi-dataset,121,multisite
test,ixi-dataset,122,multisite
test,ixi-dataset,163,multisite
test,ixi-dataset,164,multisite
test,ixi-dataset,169,multisite
test,ixi-dataset,185,multisite
test,ixi-dataset,207,multisite
test,ixi-dataset,210,multisite
test,ixi-dataset,213,multisite
test,ixi-dataset,223,multisite
test,ixi-dataset,241,multisite
test,ixi-dataset,248,multisite
test,ixi-dataset,275,multisite
test,ixi-dataset,278,multisite
test,ixi-dataset,321,multisite
test,ixi-dataset,350,multisite
test,ixi-dataset,354,multisite
test,ixi-dataset,368,multisite
test,ixi-dataset,369,multisite
test,ixi-dataset,385,multisite
test,ixi-dataset,398,multisite
test,ixi-dataset,399,multisite
test,ixi-dataset,402,multisite
test,ixi-dataset,405,multisite
test,ixi-dataset,447,multisite
test,ixi-dataset,449,multisite
test,ixi-dataset,455,multisite
test,ixi-dataset,482,multisite
test,ixi-dataset,484,multisite
test,ixi-dataset,490,multisite
test,ixi-dataset,496,multisite
test,ixi-dataset,505,multisite
test,ixi-dataset,508,multisite
test,ixi-dataset,521,multisite
test,ixi-dataset,551,multisite
test,ixi-dataset,610,multisite
test,ixi-dataset,639,multisite
test,ixi-dataset,653,multisite
test,oasis-2,OAS2_0004_MR1,multisite
test,oasis-2,OAS2_0008_MR1,multisite
test,oasis-2,OAS2_0027_MR1,multisite
test,oasis-2,OAS2_0049_MR1,multisite
test,oasis-2,OAS2_0126_MR1,multisite
test,oasis-2,OAS2_0158_MR1,multisite
test,oasis-2,OAS2_0169_MR1,multisite
train,abide-i-dataset,0050030,multisite
train,abide-i-dataset,0050037,multisite
train,abide-i-dataset,0050039,multisite
train,abide-i-dataset,0050040,multisite
train,abide-i-dataset,0050041,multisite
train,abide-i-dataset,0050042,multisite
train,abide-i-dataset,0050060,multisite
train,abide-i-dataset,0050107,multisite
train,abide-i-dataset,0050108,multisite
train,abide-i-dataset,0050109,multisite
train,abide-i-dataset,0050114,multisite
train,abide-i-dataset,0050115,multisite
train,abide-i-dataset,0050117,multisite
train,abide-i-dataset,0050259,multisite
train,abide-i-dataset,0050260,multisite
train,abide-i-dataset,0050261,multisite
train,abide-i-dataset,0050263,multisite
train,abide-i-dataset,0050264,multisite
train,abide-i-dataset,0050270,multisite
train,abide-i-dataset,0050271,multisite
train,abide-i-dataset,0050339,multisite
train,abide-i-dataset,0050341,multisite
train,abide-i-dataset,0050344,multisite
train,abide-i-dataset,0050346,multisite
train,abide-i-dataset,0050349,multisite
train,abide-i-dataset,0050361,multisite
train,abide-i-dataset,0050382,multisite
train,abide-i-dataset,0050388,multisite
train,abide-i-dataset,0050433,multisite
train,abide-i-dataset,0050434,multisite
train,abide-i-dataset,0050439,multisite
train,abide-i-dataset,0050441,multisite
train,abide-i-dataset,0050442,multisite
train,abide-i-dataset,0050445,multisite
train,abide-i-dataset,0050446,multisite
train,abide-i-dataset,0050449,multisite
train,abide-i-dataset,0050450,multisite
train,abide-i-dataset,0050454,multisite
train,abide-i-dataset,0050455,multisite
train,abide-i-dataset,0050457,multisite
train,abide-i-dataset,0050458,multisite
train,abide-i-dataset,0050459,multisite
train,abide-i-dataset,0050462,multisite
train,abide-i-dataset,0050463,multisite
train,abide-i-dataset,0050465,multisite
train,abide-i-dataset,0050466,multisite
train,abide-i-dataset,0050467,multisite
train,abide-i-dataset,0050468,multisite
train,abide-i-dataset,0050469,multisite
train,abide-i-dataset,0050471,multisite
train,abide-i-dataset,0050472,multisite
train,abide-i-dataset,0050473,multisite
train,abide-i-dataset,0050474,multisite
train,abide-i-dataset,0050656,multisite
train,abide-i-dataset,0050658,multisite
train,abide-i-dataset,0050659,multisite
train,abide-i-dataset,0050661,multisite
train,abide-i-dataset,0050663,multisite
train,abide-i-dataset,0050664,multisite
train,abide-i-dataset,0050665,multisite
train,abide-i-dataset,0050666,multisite
train,abide-i-dataset,0050667,multisite
train,abide-i-dataset,0050669,multisite
train,abide-i-dataset,0050688,multisite
train,abide-i-dataset,0050691,multisite
train,abide-i-dataset,0050692,multisite
train,abide-i-dataset,0050699,multisite
train,abide-i-dataset,0050701,multisite
train,abide-i-dataset,0050703,multisite
train,abide-i-dataset,0050706,multisite
train,abide-i-dataset,0050710,multisite
train,abide-i-dataset,0051058,multisite
train,abide-i-dataset,0051059,multisite
train,abide-i-dataset,0051061,multisite
train,abide-i-dataset,0051062,multisite
train,abide-i-dataset,0051063,multisite
train,abide-i-dataset,0051066,multisite
train,abide-i-dataset,0051067,multisite
train,abide-i-dataset,0051113,multisite
train,abide-i-dataset,0051114,multisite
train,abide-i-dataset,0051115,multisite
train,abide-i-dataset,0051116,multisite
train,abide-i-dataset,0051118,multisite
train,abide-i-dataset,0051130,multisite
train,abide-i-dataset,0051131,multisite
train,abide-i-dataset,0051132,multisite
train,abide-i-dataset,0051139,multisite
train,abide-i-dataset,0051147,multisite
train,abide-i-dataset,0051149,multisite
train,abide-i-dataset,0051150,multisite
train,abide-i-dataset,0051152,multisite
train,abide-i-dataset,0051153,multisite
train,abide-i-dataset,0051154,multisite
train,abide-i-dataset,0051155,multisite
train,abide-i-dataset,0051332,multisite
train,abide-i-dataset,0051333,multisite
train,abide-i-dataset,0051335,multisite
train,abide-i-dataset,0051336,multisite
train,abide-i-dataset,0051338,multisite
train,abide-i-dataset,0051339,multisite
train,abide-i-dataset,0051340,multisite
train,abide-i-dataset,0051341,multisite
train,abide-i-dataset,0051342,multisite
train,abide-i-dataset,0051344,multisite
train,abide-i-dataset,0051346,multisite
train,abide-i-dataset,0051347,multisite
train,abide-i-dataset,0051362,multisite
train,abide-i-dataset,0051363,multisite
train,abide-i-dataset,0051364,multisite
train,abide-i-dataset,0051366,multisite
train,abide-i-dataset,0051367,multisite
train,abide-i-dataset,0051368,multisite
train,abide-i-dataset,0051369,multisite
train,abide-i-dataset,0051370,multisite
train,abide-i-dataset,0051372,multisite
train,abide-i-dataset,0051373,multisite
train,abide-i-dataset,0051556,multisite
train,abide-i-dataset,0051557,multisite
train,abide-i-dataset,0051558,multisite
train,abide-i-dataset,0051560,multisite
train,abide-i-dataset,0051562,multisite
train,abide-i-dataset,0051563,multisite
train,abide-i-dataset,0051564,multisite
train,abide-i-dataset,0051565,multisite
train,abide-i-dataset,0051566,multisite
train,abide-i-dataset,0051567,multisite
train,abide-i-dataset,0051568,multisite
train,abide-i-dataset,0051569,multisite
train,abide-i-dataset,0051570,multisite
train,adni,101528,multisite
train,adni,102436,multisite
train,adni,107925,multisite
train,adni,107934,multisite
train,adni,107943,multisite
train,adni,108336,multisite
train,adni,112310,multisite
train,adni,118671,multisite
train,adni,118674,multisite
train,adni,118676,multisite
train,adni,118677,multisite
train,adni,118680,multisite
train,adni,118686,multisite
train,adni,118711,multisite
train,adni,118717,multisite
train,adni,118772,multisite
train,adni,118832,multisite
train,adni,118848,multisite
train,adni,118869,multisite
train,adni,118903,multisite
train,adni,118919,multisite
train,adni,119062,multisite
train,adni,119090,multisite
train,adni,119102,multisite
train,adni,119134,multisite
train,adni,119138,multisite
train,adni,119179,multisite
train,adni,119186,multisite
train,adni,119188,multisite
train,adni,119229,multisite
train,adni,119231,multisite
train,adni,119242,multisite
train,adni,119260,multisite
train,adni,119264,multisite
train,adni,119274,multisite
train,adni,119322,multisite
train,adni,119383,multisite
train,adni,119402,multisite
train,adni,119480,multisite
train,adni,119510,multisite
train,adni,119795,multisite
train,adni,121228,multisite
train,adni,130234,multisite
train,adni,130237,multisite
train,adni,130251,multisite
train,adni,134505,multisite
train,adni,140334,multisite
train,adni,31547,multisite
train,adni,32246,multisite
train,adni,32264,multisite
train,adni,32306,multisite
train,adni,32332,multisite
train,adni,32389,multisite
train,adni,32409,multisite
train,adni,32644,multisite
train,adni,32667,multisite
train,adni,32855,multisite
train,adni,33074,multisite
train,adni,33086,multisite
train,adni,33437,multisite
train,adni,33457,multisite
train,adni,33476,multisite
train,adni,34181,multisite
train,adni,34332,multisite
train,adni,34362,multisite
train,adni,34452,multisite
train,adni,34458,multisite
train,adni,34578,multisite
train,adni,34607,multisite
train,adni,34698,multisite
train,adni,34725,multisite
train,adni,34734,multisite
train,adni,35475,multisite
train,adni,35671,multisite
train,adni,36485,multisite
train,adni,36938,multisite
train,adni,36979,multisite
train,adni,38827,multisite
train,adni,38861,multisite
train,adni,39108,multisite
train,adni,39137,multisite
train,adni,39171,multisite
train,adni,39275,multisite
train,adni,39533,multisite
train,adni,39614,multisite
train,adni,39647,multisite
train,adni,39660,multisite
train,adni,39665,multisite
train,adni,39683,multisite
train,adni,39730,multisite
train,adni,39791,multisite
train,adni,39836,multisite
train,adni,39850,multisite
train,adni,39881,multisite
train,adni,40179,multisite
train,adni,40201,multisite
train,adni,40260,multisite
train,adni,42308,multisite
train,adni,42450,multisite
train,adni,42481,multisite
train,adni,42509,multisite
train,adni,42772,multisite
train,adni,42785,multisite
train,adni,45117,multisite
train,adni,45933,multisite
train,adni,46435,multisite
train,adni,46668,multisite
train,adni,47149,multisite
train,adni,47295,multisite
train,adni,47306,multisite
train,adni,47314,multisite
train,adni,47732,multisite
train,adni,47984,multisite
train,adni,48020,multisite
train,adni,50459,multisite
train,adni,51138,multisite
train,adni,51160,multisite
train,adni,51165,multisite
train,adni,53390,multisite
train,adni,55943,multisite
train,adni,56031,multisite
train,adni,58043,multisite
train,adni,59224,multisite
train,adni,59237,multisite
train,adni,59375,multisite
train,adni,59446,multisite
train,adni,59456,multisite
train,adni,59524,multisite
train,adni,59647,multisite
train,adni,59711,multisite
train,adni,59725,multisite
train,adni,59788,multisite
train,adni,59981,multisite
train,adni,60003,multisite
train,adni,60056,multisite
train,adni,60618,multisite
train,adni,60673,multisite
train,adni,62240,multisite
train,adni,62282,multisite
train,adni,62377,multisite
train,adni,62680,multisite
train,adni,62715,multisite
train,adni,63155,multisite
train,adni,63392,multisite
train,adni,63424,multisite
train,adni,63468,multisite
train,adni,63752,multisite
train,adni,63784,multisite
train,adni,63793,multisite
train,adni,63847,multisite
train,adni,63865,multisite
train,adni,63874,multisite
train,adni,63879,multisite
train,adni,64046,multisite
train,adni,65052,multisite
train,adni,65148,multisite
train,adni,65220,multisite
train,adni,65478,multisite
train,adni,65757,multisite
train,adni,66144,multisite
train,adni,66149,multisite
train,adni,66413,multisite
train,adni,67027,multisite
train,adni,67110,multisite
train,adni,67958,multisite
train,adni,68134,multisite
train,adni,68563,multisite
train,adni,68769,multisite
train,adni,68861,multisite
train,adni,68927,multisite
train,adni,70814,multisite
train,adni,71527,multisite
train,adni,71588,multisite
train,adni,72814,multisite
train,adni,73200,multisite
train,adni,77062,multisite
train,adni,78727,multisite
train,adni,78823,multisite
train,adni,79732,multisite
train,adni,80221,multisite
train,adni,80629,multisite
train,adni,80718,multisite
train,adni,80795,multisite
train,adni,81330,multisite
train,adni,82274,multisite
train,adni,82594,multisite
train,adni,82619,multisite
train,adni,88417,multisite
train,adni,89046,multisite
train,adni,89089,multisite
train,adni,89096,multisite
train,adni,89575,multisite
train,adni,91135,multisite
train,adni,92305,multisite
train,adni,92342,multisite
train,adni,94824,multisite
train,adni,95653,multisite
train,adni,96284,multisite
train,adni,96321,multisite
train,adni,98875,multisite
train,adni,98888,multisite
train,camcan,110037,multisite
train,camcan,110045,multisite
train,camcan,110056,multisite
train,camcan,110062,multisite
train,camcan,110087,multisite
train,camcan,110101,multisite
train,camcan,110126,multisite
train,camcan,110174,multisite
train,camcan,110187,multisite
train,camcan,110319,multisite
train,camcan,110411,multisite
train,camcan,110606,multisite
train,camcan,120008,multisite
train,camcan,120123,multisite
train,camcan,120166,multisite
train,camcan,120182,multisite
train,camcan,120234,multisite
train,camcan,120264,multisite
train,camcan,120276,multisite
train,camcan,120286,multisite
train,camcan,120313,multisite
train,camcan,120319,multisite
train,camcan,120347,multisite
train,camcan,120376,multisite
train,camcan,120409,multisite
train,camcan,120462,multisite
train,camcan,120469,multisite
train,camcan,120470,multisite
train,camcan,120550,multisite
train,camcan,120640,multisite
train,camcan,120727,multisite
train,camcan,120764,multisite
train,camcan,120795,multisite
train,camcan,120816,multisite
train,camcan,120987,multisite
train,camcan,121106,multisite
train,camcan,121111,multisite
train,camcan,121144,multisite
train,camcan,121158,multisite
train,camcan,121194,multisite
train,camcan,121200,multisite
train,camcan,121317,multisite
train,camcan,121411,multisite
train,camcan,121428,multisite
train,camcan,121479,multisite
train,camcan,121795,multisite
train,camcan,122172,multisite
train,camcan,122620,multisite
train,camcan,210023,multisite
train,camcan,210051,multisite
train,camcan,210088,multisite
train,camcan,210124,multisite
train,camcan,210148,multisite
train,camcan,210172,multisite
train,camcan,210182,multisite
train,camcan,210250,multisite
train,camcan,210314,multisite
train,camcan,210519,multisite
train,camcan,210617,multisite
train,camcan,210657,multisite
train,camcan,212153,multisite
train,camcan,220107,multisite
train,camcan,220132,multisite
train,camcan,220232,multisite
train,camcan,220234,multisite
train,camcan,220284,multisite
train,camcan,220323,multisite
train,camcan,220335,multisite
train,camcan,220352,multisite
train,camcan,220394,multisite
train,camcan,220419,multisite
train,camcan,220506,multisite
train,camcan,220518,multisite
train,camcan,220519,multisite
train,camcan,220567,multisite
train,camcan,220610,multisite
train,camcan,220697,multisite
train,camcan,220713,multisite
train,camcan,220828,multisite
train,camcan,220843,multisite
train,camcan,220901,multisite
train,camcan,220920,multisite
train,camcan,220974,multisite
train,camcan,220999,multisite
train,camcan,221002,multisite
train,camcan,221031,multisite
train,camcan,221033,multisite
train,camcan,221038,multisite
train,camcan,221040,multisite
train,camcan,221054,multisite
train,camcan,221107,multisite
train,camcan,221209,multisite
train,camcan,221244,multisite
train,camcan,221324,multisite
train,camcan,221336,multisite
train,camcan,221352,multisite
train,camcan,221373,multisite
train,camcan,221487,multisite
train,camcan,221511,multisite
train,camcan,221527,multisite
train,camcan,221565,multisite
train,camcan,221580,multisite
train,camcan,221595,multisite
train,camcan,221648,multisite
train,camcan,221733,multisite
train,camcan,221740,multisite
train,camcan,221755,multisite
train,camcan,221828,multisite
train,camcan,221935,multisite
train,camcan,221954,multisite
train,camcan,221980,multisite
train,camcan,222120,multisite
train,camcan,222125,multisite
train,camcan,222185,multisite
train,camcan,222258,multisite
train,camcan,222264,multisite
train,camcan,222304,multisite
train,camcan,222326,multisite
train,camcan,222367,multisite
train,camcan,222496,multisite
train,camcan,222555,multisite
train,camcan,222652,multisite
train,camcan,222956,multisite
train,camcan,223085,multisite
train,camcan,223115,multisite
train,camcan,223286,multisite
train,camcan,310008,multisite
train,camcan,310051,multisite
train,camcan,310052,multisite
train,camcan,310129,multisite
train,camcan,310135,multisite
train,camcan,310142,multisite
train,camcan,310160,multisite
train,camcan,310224,multisite
train,camcan,310252,multisite
train,camcan,310256,multisite
train,camcan,310331,multisite
train,camcan,310361,multisite
train,camcan,310385,multisite
train,camcan,310391,multisite
train,camcan,310397,multisite
train,camcan,310400,multisite
train,camcan,310402,multisite
train,camcan,310407,multisite
train,camcan,310410,multisite
train,camcan,310450,multisite
train,camcan,310463,multisite
train,camcan,310473,multisite
train,camcan,312222,multisite
train,camcan,320002,multisite
train,camcan,320022,multisite
train,camcan,320059,multisite
train,camcan,320088,multisite
train,camcan,320089,multisite
train,camcan,320107,multisite
train,camcan,320160,multisite
train,camcan,320202,multisite
train,camcan,320206,multisite
train,camcan,320267,multisite
train,camcan,320297,multisite
train,camcan,320325,multisite
train,camcan,320336,multisite
train,camcan,320359,multisite
train,camcan,320379,multisite
train,camcan,320417,multisite
train,camcan,320429,multisite
train,camcan,320448,multisite
train,camcan,320461,multisite
train,camcan,320500,multisite
train,camcan,320553,multisite
train,camcan,320568,multisite
train,camcan,320575,multisite
train,camcan,320608,multisite
train,camcan,320616,multisite
train,camcan,320621,multisite
train,camcan,320636,multisite
train,camcan,320651,multisite
train,camcan,320661,multisite
train,camcan,320680,multisite
train,camcan,320698,multisite
train,camcan,320759,multisite
train,camcan,320776,multisite
train,camcan,320814,multisite
train,camcan,320850,multisite
train,camcan,320870,multisite
train,camcan,320888,multisite
train,camcan,320893,multisite
train,camcan,320904,multisite
train,camcan,321000,multisite
train,camcan,321025,multisite
train,camcan,321053,multisite
train,camcan,321073,multisite
train,camcan,321087,multisite
train,camcan,321107,multisite
train,camcan,321137,multisite
train,camcan,321154,multisite
train,camcan,321174,multisite
train,camcan,321203,multisite
train,camcan,321281,multisite
train,camcan,321291,multisite
train,camcan,321331,multisite
train,camcan,321431,multisite
train,camcan,321464,multisite
train,camcan,321506,multisite
train,camcan,321529,multisite
train,camcan,321544,multisite
train,camcan,321557,multisite
train,camcan,321594,multisite
train,camcan,321595,multisite
train,camcan,321880,multisite
train,camcan,321899,multisite
train,camcan,321976,multisite
train,camcan,322186,multisite
train,camcan,410015,multisite
train,camcan,410040,multisite
train,camcan,410084,multisite
train,camcan,410091,multisite
train,camcan,410094,multisite
train,camcan,410097,multisite
train,camcan,410121,multisite
train,camcan,410129,multisite
train,camcan,410169,multisite
train,camcan,410173,multisite
train,camcan,410177,multisite
train,camcan,410182,multisite
train,camcan,410220,multisite
train,camcan,410222,multisite
train,camcan,410226,multisite
train,camcan,410243,multisite
train,camcan,410248,multisite
train,camcan,410251,multisite
train,camcan,410284,multisite
train,camcan,410287,multisite
train,camcan,410289,multisite
train,camcan,410323,multisite
train,camcan,410354,multisite
train,camcan,410387,multisite
train,camcan,410432,multisite
train,camcan,412021,multisite
train,camcan,420004,multisite
train,camcan,420061,multisite
train,camcan,420071,multisite
train,camcan,420075,multisite
train,camcan,420089,multisite
train,camcan,420091,multisite
train,camcan,420094,multisite
train,camcan,420100,multisite
train,camcan,420137,multisite
train,camcan,420143,multisite
train,camcan,420148,multisite
train,camcan,420149,multisite
train,camcan,420157,multisite
train,camcan,420173,multisite
train,camcan,420180,multisite
train,camcan,420182,multisite
train,camcan,420202,multisite
train,camcan,420217,multisite
train,camcan,420222,multisite
train,camcan,420226,multisite
train,camcan,420229,multisite
train,camcan,420231,multisite
train,camcan,420236,multisite
train,camcan,420241,multisite
train,camcan,420259,multisite
train,camcan,420260,multisite
train,camcan,420261,multisite
train,camcan,420286,multisite
train,camcan,420322,multisite
train,camcan,420324,multisite
train,camcan,420348,multisite
train,camcan,420356,multisite
train,camcan,420383,multisite
train,camcan,420392,multisite
train,camcan,420396,multisite
train,camcan,420402,multisite
train,camcan,420412,multisite
train,camcan,420433,multisite
train,camcan,420435,multisite
train,camcan,420454,multisite
train,camcan,420462,multisite
train,camcan,420464,multisite
train,camcan,420566,multisite
train,camcan,420582,multisite
train,camcan,420589,multisite
train,camcan,420623,multisite
train,camcan,420720,multisite
train,camcan,420729,multisite
train,camcan,510015,multisite
train,camcan,510043,multisite
train,camcan,510076,multisite
train,camcan,510086,multisite
train,camcan,510115,multisite
train,camcan,510161,multisite
train,camcan,510163,multisite
train,camcan,510208,multisite
train,camcan,510220,multisite
train,camcan,510226,multisite
train,camcan,510237,multisite
train,camcan,510242,multisite
train,camcan,510243,multisite
train,camcan,510256,multisite
train,camcan,510258,multisite
train,camcan,510259,multisite
train,camcan,510304,multisite
train,camcan,510321,multisite
train,camcan,510323,multisite
train,camcan,510329,multisite
train,camcan,510342,multisite
train,camcan,510354,multisite
train,camcan,510355,multisite
train,camcan,510392,multisite
train,camcan,510393,multisite
train,camcan,510395,multisite
train,camcan,510415,multisite
train,camcan,510434,multisite
train,camcan,510438,multisite
train,camcan,510473,multisite
train,camcan,510474,multisite
train,camcan,510480,multisite
train,camcan,510486,multisite
train,camcan,510609,multisite
train,camcan,510629,multisite
train,camcan,510648,multisite
train,camcan,520002,multisite
train,camcan,520013,multisite
train,camcan,520042,multisite
train,camcan,520053,multisite
train,camcan,520055,multisite
train,camcan,520065,multisite
train,camcan,520078,multisite
train,camcan,520122,multisite
train,camcan,520127,multisite
train,camcan,520147,multisite
train,camcan,520175,multisite
train,camcan,520197,multisite
train,camcan,520211,multisite
train,camcan,520215,multisite
train,camcan,520239,multisite
train,camcan,520247,multisite
train,camcan,520253,multisite
train,camcan,520254,multisite
train,camcan,520287,multisite
train,camcan,520377,multisite
train,camcan,520390,multisite
train,camcan,520391,multisite
train,camcan,520398,multisite
train,camcan,520477,multisite
train,camcan,520480,multisite
train,camcan,520503,multisite
train,camcan,520517,multisite
train,camcan,520552,multisite
train,camcan,520560,multisite
train,camcan,520562,multisite
train,camcan,520584,multisite
train,camcan,520585,multisite
train,camcan,520597,multisite
train,camcan,520607,multisite
train,camcan,520673,multisite
train,camcan,520745,multisite
train,camcan,520775,multisite
train,camcan,520868,multisite
train,camcan,520980,multisite
train,camcan,521040,multisite
train,camcan,610022,multisite
train,camcan,610028,multisite
train,camcan,610039,multisite
train,camcan,610040,multisite
train,camcan,610046,multisite
train,camcan,610050,multisite
train,camcan,610052,multisite
train,camcan,610058,multisite
train,camcan,610061,multisite
train,camcan,610071,multisite
train,camcan,610099,multisite
train,camcan,610178,multisite
train,camcan,610210,multisite
train,camcan,610212,multisite
train,camcan,610285,multisite
train,camcan,610288,multisite
train,camcan,610292,multisite
train,camcan,610308,multisite
train,camcan,610344,multisite
train,camcan,610372,multisite
train,camcan,610392,multisite
train,camcan,610462,multisite
train,camcan,610508,multisite
train,camcan,610568,multisite
train,camcan,610575,multisite
train,camcan,610576,multisite
train,camcan,610594,multisite
train,camcan,610614,multisite
train,camcan,610625,multisite
train,camcan,610631,multisite
train,camcan,610653,multisite
train,camcan,610658,multisite
train,camcan,610671,multisite
train,camcan,620026,multisite
train,camcan,620044,multisite
train,camcan,620073,multisite
train,camcan,620114,multisite
train,camcan,620118,multisite
train,camcan,620152,multisite
train,camcan,620193,multisite
train,camcan,620262,multisite
train,camcan,620264,multisite
train,camcan,620279,multisite
train,camcan,620284,multisite
train,camcan,620314,multisite
train,camcan,620405,multisite
train,camcan,620413,multisite
train,camcan,620429,multisite
train,camcan,620436,multisite
train,camcan,620444,multisite
train,camcan,620451,multisite
train,camcan,620454,multisite
train,camcan,620466,multisite
train,camcan,620479,multisite
train,camcan,620490,multisite
train,camcan,620496,multisite
train,camcan,620499,multisite
train,camcan,620518,multisite
train,camcan,620526,multisite
train,camcan,620557,multisite
train,camcan,620560,multisite
train,camcan,620567,multisite
train,camcan,620572,multisite
train,camcan,620592,multisite
train,camcan,620610,multisite
train,camcan,620659,multisite
train,camcan,620720,multisite
train,camcan,620785,multisite
train,camcan,620793,multisite
train,camcan,620919,multisite
train,camcan,621011,multisite
train,camcan,621080,multisite
train,camcan,621118,multisite
train,camcan,621128,multisite
train,camcan,621184,multisite
train,camcan,621199,multisite
train,camcan,621248,multisite
train,camcan,621284,multisite
train,camcan,621642,multisite
train,camcan,710037,multisite
train,camcan,710088,multisite
train,camcan,710099,multisite
train,camcan,710131,multisite
train,camcan,710154,multisite
train,camcan,710176,multisite
train,camcan,710214,multisite
train,camcan,710313,multisite
train,camcan,710342,multisite
train,camcan,710350,multisite
train,camcan,710429,multisite
train,camcan,710446,multisite
train,camcan,710462,multisite
train,camcan,710486,multisite
train,camcan,710494,multisite
train,camcan,710518,multisite
train,camcan,710548,multisite
train,camcan,710591,multisite
train,camcan,710664,multisite
train,camcan,710858,multisite
train,camcan,710982,multisite
train,camcan,711035,multisite
train,camcan,711158,multisite
train,camcan,720071,multisite
train,camcan,720180,multisite
train,camcan,720238,multisite
train,camcan,720290,multisite
train,camcan,720329,multisite
train,camcan,720358,multisite
train,camcan,720400,multisite
train,camcan,720497,multisite
train,camcan,720511,multisite
train,camcan,720516,multisite
train,camcan,720622,multisite
train,camcan,720646,multisite
train,camcan,720670,multisite
train,camcan,720685,multisite
train,camcan,720986,multisite
train,camcan,721052,multisite
train,camcan,721107,multisite
train,camcan,721291,multisite
train,camcan,721292,multisite
train,camcan,721374,multisite
train,camcan,721392,multisite
train,camcan,721434,multisite
train,camcan,721504,multisite
train,camcan,721519,multisite
train,camcan,721532,multisite
train,camcan,721585,multisite
train,camcan,721618,multisite
train,camcan,721704,multisite
train,camcan,721707,multisite
train,camcan,721729,multisite
train,camcan,722216,multisite
train,camcan,722421,multisite
train,camcan,722536,multisite
train,camcan,722542,multisite
train,camcan,722651,multisite
train,camcan,722891,multisite
train,camcan,723197,multisite
train,camcan,723395,multisite
train,cc-359,0001,multisite
train,cc-359,0002,multisite
train,cc-359,0003,multisite
train,cc-359,0004,multisite
train,cc-359,0005,multisite
train,cc-359,0006,multisite
train,cc-359,0008,multisite
train,cc-359,0010,multisite
train,cc-359,0011,multisite
train,cc-359,0012,multisite
train,cc-359,0013,multisite
train,cc-359,0014,multisite
train,cc-359,0016,multisite
train,cc-359,0017,multisite
train,cc-359,0018,multisite
train,cc-359,0019,multisite
train,cc-359,0020,multisite
train,cc-359,0022,multisite
train,cc-359,0023,multisite
train,cc-359,0024,multisite
train,cc-359,0025,multisite
train,cc-359,0026,multisite
train,cc-359,0027,multisite
train,cc-359,0029,multisite
train,cc-359,0031,multisite
train,cc-359,0032,multisite
train,cc-359,0033,multisite
train,cc-359,0034,multisite
train,cc-359,0036,multisite
train,cc-359,0037,multisite
train,cc-359,0038,multisite
train,cc-359,0039,multisite
train,cc-359,0040,multisite
train,cc-359,0041,multisite
train,cc-359,0042,multisite
train,cc-359,0043,multisite
train,cc-359,0044,multisite
train,cc-359,0045,multisite
train,cc-359,0047,multisite
train,cc-359,0048,multisite
train,cc-359,0049,multisite
train,cc-359,0050,multisite
train,cc-359,0054,multisite
train,cc-359,0055,multisite
train,cc-359,0056,multisite
train,cc-359,0057,multisite
train,cc-359,0058,multisite
train,cc-359,0059,multisite
train,cc-359,0060,multisite
train,cc-359,0062,multisite
train,cc-359,0064,multisite
train,cc-359,0065,multisite
train,cc-359,0068,multisite
train,cc-359,0069,multisite
train,cc-359,0070,multisite
train,cc-359,0071,multisite
train,cc-359,0072,multisite
train,cc-359,0073,multisite
train,cc-359,0074,multisite
train,cc-359,0075,multisite
train,cc-359,0077,multisite
train,cc-359,0078,multisite
train,cc-359,0079,multisite
train,cc-359,0080,multisite
train,cc-359,0082,multisite
train,cc-359,0085,multisite
train,cc-359,0086,multisite
train,cc-359,0088,multisite
train,cc-359,0089,multisite
train,cc-359,0091,multisite
train,cc-359,0092,multisite
train,cc-359,0093,multisite
train,cc-359,0094,multisite
train,cc-359,0095,multisite
train,cc-359,0098,multisite
train,cc-359,0099,multisite
train,cc-359,0100,multisite
train,cc-359,0101,multisite
train,cc-359,0104,multisite
train,cc-359,0105,multisite
train,cc-359,0106,multisite
train,cc-359,0107,multisite
train,cc-359,0108,multisite
train,cc-359,0109,multisite
train,cc-359,0110,multisite
train,cc-359,0111,multisite
train,cc-359,0112,multisite
train,cc-359,0113,multisite
train,cc-359,0114,multisite
train,cc-359,0115,multisite
train,cc-359,0116,multisite
train,cc-359,0117,multisite
train,cc-359,0119,multisite
train,cc-359,0120,multisite
train,cc-359,0124,multisite
train,cc-359,0125,multisite
train,cc-359,0126,multisite
train,cc-359,0127,multisite
train,cc-359,0128,multisite
train,cc-359,0129,multisite
train,cc-359,0130,multisite
train,cc-359,0133,multisite
train,cc-359,0134,multisite
train,cc-359,0135,multisite
train,cc-359,0136,multisite
train,cc-359,0138,multisite
train,cc-359,0141,multisite
train,cc-359,0142,multisite
train,cc-359,0143,multisite
train,cc-359,0144,multisite
train,cc-359,0145,multisite
train,cc-359,0146,multisite
train,cc-359,0147,multisite
train,cc-359,0148,multisite
train,cc-359,0149,multisite
train,cc-359,0150,multisite
train,cc-359,0151,multisite
train,cc-359,0152,multisite
train,cc-359,0154,multisite
train,cc-359,0155,multisite
train,cc-359,0157,multisite
train,cc-359,0158,multisite
train,cc-359,0160,multisite
train,cc-359,0162,multisite
train,cc-359,0163,multisite
train,cc-359,0164,multisite
train,cc-359,0165,multisite
train,cc-359,0166,multisite
train,cc-359,0167,multisite
train,cc-359,0170,multisite
train,cc-359,0172,multisite
train,cc-359,0175,multisite
train,cc-359,0176,multisite
train,cc-359,0177,multisite
train,cc-359,0179,multisite
train,cc-359,0180,multisite
train,cc-359,0182,multisite
train,cc-359,0183,multisite
train,cc-359,0184,multisite
train,cc-359,0185,multisite
train,cc-359,0186,multisite
train,cc-359,0187,multisite
train,cc-359,0188,multisite
train,cc-359,0189,multisite
train,cc-359,0191,multisite
train,cc-359,0192,multisite
train,cc-359,0193,multisite
train,cc-359,0194,multisite
train,cc-359,0195,multisite
train,cc-359,0197,multisite
train,cc-359,0198,multisite
train,cc-359,0199,multisite
train,cc-359,0200,multisite
train,cc-359,0201,multisite
train,cc-359,0202,multisite
train,cc-359,0204,multisite
train,cc-359,0207,multisite
train,cc-359,0208,multisite
train,cc-359,0209,multisite
train,cc-359,0210,multisite
train,cc-359,0211,multisite
train,cc-359,0212,multisite
train,cc-359,0213,multisite
train,cc-359,0214,multisite
train,cc-359,0215,multisite
train,cc-359,0216,multisite
train,cc-359,0217,multisite
train,cc-359,0219,multisite
train,cc-359,0220,multisite
train,cc-359,0225,multisite
train,cc-359,0226,multisite
train,cc-359,0227,multisite
train,cc-359,0228,multisite
train,cc-359,0229,multisite
train,cc-359,0230,multisite
train,cc-359,0231,multisite
train,cc-359,0232,multisite
train,cc-359,0234,multisite
train,cc-359,0235,multisite
train,cc-359,0236,multisite
train,cc-359,0237,multisite
train,cc-359,0238,multisite
train,cc-359,0239,multisite
train,cc-359,0241,multisite
train,cc-359,0242,multisite
train,cc-359,0243,multisite
train,cc-359,0244,multisite
train,cc-359,0247,multisite
train,cc-359,0249,multisite
train,cc-359,0250,multisite
train,cc-359,0252,multisite
train,cc-359,0253,multisite
train,cc-359,0255,multisite
train,cc-359,0256,multisite
train,cc-359,0258,multisite
train,cc-359,0259,multisite
train,cc-359,0260,multisite
train,cc-359,0261,multisite
train,cc-359,0262,multisite
train,cc-359,0263,multisite
train,cc-359,0264,multisite
train,cc-359,0266,multisite
train,cc-359,0268,multisite
train,cc-359,0270,multisite
train,cc-359,0271,multisite
train,cc-359,0272,multisite
train,cc-359,0273,multisite
train,cc-359,0274,multisite
train,cc-359,0275,multisite
train,cc-359,0276,multisite
train,cc-359,0277,multisite
train,cc-359,0278,multisite
train,cc-359,0279,multisite
train,cc-359,0280,multisite
train,cc-359,0281,multisite
train,cc-359,0282,multisite
train,cc-359,0283,multisite
train,cc-359,0284,multisite
train,cc-359,0286,multisite
train,cc-359,0287,multisite
train,cc-359,0289,multisite
train,cc-359,0290,multisite
train,cc-359,0291,multisite
train,cc-359,0292,multisite
train,cc-359,0293,multisite
train,cc-359,0294,multisite
train,cc-359,0295,multisite
train,cc-359,0296,multisite
train,cc-359,0297,multisite
train,cc-359,0298,multisite
train,cc-359,0299,multisite
train,cc-359,0300,multisite
train,cc-359,0301,multisite
train,cc-359,0302,multisite
train,cc-359,0303,multisite
train,cc-359,0305,multisite
train,cc-359,0306,multisite
train,cc-359,0307,multisite
train,cc-359,0309,multisite
train,cc-359,0310,multisite
train,cc-359,0311,multisite
train,cc-359,0312,multisite
train,cc-359,0315,multisite
train,cc-359,0316,multisite
train,cc-359,0317,multisite
train,cc-359,0318,multisite
train,cc-359,0320,multisite
train,cc-359,0322,multisite
train,cc-359,0323,multisite
train,cc-359,0325,multisite
train,cc-359,0326,multisite
train,cc-359,0327,multisite
train,cc-359,0328,multisite
train,cc-359,0329,multisite
train,cc-359,0330,multisite
train,cc-359,0331,multisite
train,cc-359,0332,multisite
train,cc-359,0333,multisite
train,cc-359,0334,multisite
train,cc-359,0336,multisite
train,cc-359,0337,multisite
train,cc-359,0338,multisite
train,cc-359,0339,multisite
train,cc-359,0340,multisite
train,cc-359,0341,multisite
train,cc-359,0342,multisite
train,cc-359,0344,multisite
train,cc-359,0345,multisite
train,cc-359,0346,multisite
train,cc-359,0347,multisite
train,cc-359,0348,multisite
train,cc-359,0350,multisite
train,cc-359,0351,multisite
train,cc-359,0352,multisite
train,cc-359,0354,multisite
train,cc-359,0355,multisite
train,cc-359,0356,multisite
train,cc-359,0357,multisite
train,cc-359,0359,multisite
train,fcon1000-dataset,A00008326,multisite
train,fcon1000-dataset,A00008399,multisite
train,fcon1000-dataset,A00013809,multisite
train,fcon1000-dataset,A00019903,multisite
train,fcon1000-dataset,A00021039,multisite
train,fcon1000-dataset,A00023510,multisite
train,fcon1000-dataset,A00025566,multisite
train,fcon1000-dataset,A00027544,multisite
train,fcon1000-dataset,A00028150,multisite
train,fcon1000-dataset,A00028152,multisite
train,fcon1000-dataset,A00028184,multisite
train,fcon1000-dataset,A00028185,multisite
train,fcon1000-dataset,A00028192,multisite
train,fcon1000-dataset,A00028207,multisite
train,fcon1000-dataset,A00028246,multisite
train,fcon1000-dataset,A00028389,multisite
train,fcon1000-dataset,A00028399,multisite
train,fcon1000-dataset,A00028400,multisite
train,fcon1000-dataset,A00028429,multisite
train,fcon1000-dataset,A00028468,multisite
train,fcon1000-dataset,A00028522,multisite
train,fcon1000-dataset,A00028552,multisite
train,fcon1000-dataset,A00028605,multisite
train,fcon1000-dataset,A00028606,multisite
train,fcon1000-dataset,A00028613,multisite
train,fcon1000-dataset,A00028656,multisite
train,fcon1000-dataset,A00028691,multisite
train,fcon1000-dataset,A00028694,multisite
train,fcon1000-dataset,A00028753,multisite
train,fcon1000-dataset,A00028754,multisite
train,fcon1000-dataset,A00028766,multisite
train,fcon1000-dataset,A00028822,multisite
train,fcon1000-dataset,A00028842,multisite
train,fcon1000-dataset,A00028844,multisite
train,fcon1000-dataset,A00028845,multisite
train,fcon1000-dataset,A00028858,multisite
train,fcon1000-dataset,A00028912,multisite
train,fcon1000-dataset,A00028929,multisite
train,fcon1000-dataset,A00028994,multisite
train,fcon1000-dataset,A00029075,multisite
train,fcon1000-dataset,A00029076,multisite
train,fcon1000-dataset,A00029092,multisite
train,fcon1000-dataset,A00029126,multisite
train,fcon1000-dataset,A00029219,multisite
train,fcon1000-dataset,A00029231,multisite
train,fcon1000-dataset,A00029304,multisite
train,fcon1000-dataset,A00029979,multisite
train,fcon1000-dataset,A00030913,multisite
train,fcon1000-dataset,A00030990,multisite
train,fcon1000-dataset,A00031145,multisite
train,fcon1000-dataset,A00031167,multisite
train,fcon1000-dataset,A00031216,multisite
train,fcon1000-dataset,A00031272,multisite
train,fcon1000-dataset,A00031452,multisite
train,fcon1000-dataset,A00031549,multisite
train,fcon1000-dataset,A00031605,multisite
train,fcon1000-dataset,A00031625,multisite
train,fcon1000-dataset,A00031683,multisite
train,fcon1000-dataset,A00031794,multisite
train,fcon1000-dataset,A00031893,multisite
train,fcon1000-dataset,A00031894,multisite
train,fcon1000-dataset,A00032010,multisite
train,fcon1000-dataset,A00032862,multisite
train,fcon1000-dataset,A00032875,multisite
train,fcon1000-dataset,A00032876,multisite
train,fcon1000-dataset,A00033011,multisite
train,fcon1000-dataset,A00033021,multisite
train,fcon1000-dataset,A00033180,multisite
train,fcon1000-dataset,A00033232,multisite
train,fcon1000-dataset,A00033247,multisite
train,fcon1000-dataset,A00033248,multisite
train,fcon1000-dataset,A00033643,multisite
train,fcon1000-dataset,A00033673,multisite
train,fcon1000-dataset,A00033734,multisite
train,fcon1000-dataset,A00033735,multisite
train,fcon1000-dataset,A00033747,multisite
train,fcon1000-dataset,A00033752,multisite
train,fcon1000-dataset,A00033832,multisite
train,fcon1000-dataset,A00033849,multisite
train,fcon1000-dataset,A00033903,multisite
train,fcon1000-dataset,A00033963,multisite
train,fcon1000-dataset,A00033998,multisite
train,fcon1000-dataset,A00034093,multisite
train,fcon1000-dataset,A00034385,multisite
train,fcon1000-dataset,A00034400,multisite
train,fcon1000-dataset,A00034827,multisite
train,fcon1000-dataset,A00034854,multisite
train,fcon1000-dataset,A00034987,multisite
train,fcon1000-dataset,A00035036,multisite
train,fcon1000-dataset,A00035054,multisite
train,fcon1000-dataset,A00035337,multisite
train,fcon1000-dataset,A00035378,multisite
train,fcon1000-dataset,A00035437,multisite
train,fcon1000-dataset,A00035440,multisite
train,fcon1000-dataset,A00035504,multisite
train,fcon1000-dataset,A00035535,multisite
train,fcon1000-dataset,A00035553,multisite
train,fcon1000-dataset,A00035606,multisite
train,fcon1000-dataset,A00035608,multisite
train,fcon1000-dataset,A00035699,multisite
train,fcon1000-dataset,A00035744,multisite
train,fcon1000-dataset,A00035765,multisite
train,fcon1000-dataset,A00035798,multisite
train,fcon1000-dataset,A00035827,multisite
train,fcon1000-dataset,A00035840,multisite
train,fcon1000-dataset,A00035881,multisite
train,fcon1000-dataset,A00035926,multisite
train,fcon1000-dataset,A00035943,multisite
train,fcon1000-dataset,A00035960,multisite
train,fcon1000-dataset,A00037081,multisite
train,fcon1000-dataset,A00037110,multisite
train,fcon1000-dataset,A00037111,multisite
train,fcon1000-dataset,A00037112,multisite
train,fcon1000-dataset,A00037115,multisite
train,fcon1000-dataset,A00037118,multisite
train,fcon1000-dataset,A00037120,multisite
train,fcon1000-dataset,A00037122,multisite
train,fcon1000-dataset,A00037160,multisite
train,fcon1000-dataset,A00037170,multisite
train,fcon1000-dataset,A00037244,multisite
train,fcon1000-dataset,A00037378,multisite
train,fcon1000-dataset,A00037386,multisite
train,fcon1000-dataset,A00037396,multisite
train,fcon1000-dataset,A00037421,multisite
train,fcon1000-dataset,A00037445,multisite
train,fcon1000-dataset,A00037492,multisite
train,fcon1000-dataset,A00037510,multisite
train,fcon1000-dataset,A00037522,multisite
train,fcon1000-dataset,A00037531,multisite
train,fcon1000-dataset,A00037545,multisite
train,fcon1000-dataset,A00037582,multisite
train,fcon1000-dataset,A00037589,multisite
train,fcon1000-dataset,A00037635,multisite
train,fcon1000-dataset,A00037646,multisite
train,fcon1000-dataset,A00037647,multisite
train,fcon1000-dataset,A00037725,multisite
train,fcon1000-dataset,A00037726,multisite
train,fcon1000-dataset,A00037768,multisite
train,fcon1000-dataset,A00037783,multisite
train,fcon1000-dataset,A00037817,multisite
train,fcon1000-dataset,A00037848,multisite
train,fcon1000-dataset,A00037877,multisite
train,fcon1000-dataset,A00038115,multisite
train,fcon1000-dataset,A00038158,multisite
train,fcon1000-dataset,A00038159,multisite
train,fcon1000-dataset,A00038189,multisite
train,fcon1000-dataset,A00038285,multisite
train,fcon1000-dataset,A00038411,multisite
train,fcon1000-dataset,A00038414,multisite
train,fcon1000-dataset,A00038424,multisite
train,fcon1000-dataset,A00038519,multisite
train,fcon1000-dataset,A00038520,multisite
train,fcon1000-dataset,A00038605,multisite
train,fcon1000-dataset,A00038616,multisite
train,fcon1000-dataset,A00038623,multisite
train,fcon1000-dataset,A00038642,multisite
train,fcon1000-dataset,A00038718,multisite
train,fcon1000-dataset,A00038731,multisite
train,fcon1000-dataset,A00038805,multisite
train,fcon1000-dataset,A00038817,multisite
train,fcon1000-dataset,A00038831,multisite
train,fcon1000-dataset,A00038832,multisite
train,fcon1000-dataset,A00038957,multisite
train,fcon1000-dataset,A00038998,multisite
train,fcon1000-dataset,A00039041,multisite
train,fcon1000-dataset,A00039074,multisite
train,fcon1000-dataset,A00039083,multisite
train,fcon1000-dataset,A00039118,multisite
train,fcon1000-dataset,A00039143,multisite
train,fcon1000-dataset,A00039159,multisite
train,fcon1000-dataset,A00039168,multisite
train,fcon1000-dataset,A00039249,multisite
train,fcon1000-dataset,A00039257,multisite
train,fcon1000-dataset,A00039331,multisite
train,fcon1000-dataset,A00039353,multisite
train,fcon1000-dataset,A00039393,multisite
train,fcon1000-dataset,A00039431,multisite
train,fcon1000-dataset,A00039432,multisite
train,fcon1000-dataset,A00039461,multisite
train,fcon1000-dataset,A00039463,multisite
train,fcon1000-dataset,A00039490,multisite
train,fcon1000-dataset,A00039500,multisite
train,fcon1000-dataset,A00039559,multisite
train,fcon1000-dataset,A00039560,multisite
train,fcon1000-dataset,A00039593,multisite
train,fcon1000-dataset,A00039607,multisite
train,fcon1000-dataset,A00039635,multisite
train,fcon1000-dataset,A00039636,multisite
train,fcon1000-dataset,A00039639,multisite
train,fcon1000-dataset,A00039657,multisite
train,fcon1000-dataset,A00039669,multisite
train,fcon1000-dataset,A00039685,multisite
train,fcon1000-dataset,A00039700,multisite
train,fcon1000-dataset,A00039755,multisite
train,fcon1000-dataset,A00039756,multisite
train,fcon1000-dataset,A00039758,multisite
train,fcon1000-dataset,A00039783,multisite
train,fcon1000-dataset,A00039846,multisite
train,fcon1000-dataset,A00039895,multisite
train,fcon1000-dataset,A00039916,multisite
train,fcon1000-dataset,A00039923,multisite
train,fcon1000-dataset,A00039951,multisite
train,fcon1000-dataset,A00039952,multisite
train,fcon1000-dataset,A00039965,multisite
train,fcon1000-dataset,A00039966,multisite
train,fcon1000-dataset,A00039974,multisite
train,fcon1000-dataset,A00040091,multisite
train,fcon1000-dataset,A00040104,multisite
train,fcon1000-dataset,A00040116,multisite
train,fcon1000-dataset,A00040151,multisite
train,fcon1000-dataset,A00040152,multisite
train,fcon1000-dataset,A00040174,multisite
train,fcon1000-dataset,A00040181,multisite
train,fcon1000-dataset,A00040225,multisite
train,fcon1000-dataset,A00040226,multisite
train,fcon1000-dataset,A00040248,multisite
train,fcon1000-dataset,A00040257,multisite
train,fcon1000-dataset,A00040285,multisite
train,fcon1000-dataset,A00040301,multisite
train,fcon1000-dataset,A00040312,multisite
train,fcon1000-dataset,A00040324,multisite
train,fcon1000-dataset,A00040343,multisite
train,fcon1000-dataset,A00040383,multisite
train,fcon1000-dataset,A00040439,multisite
train,fcon1000-dataset,A00040461,multisite
train,fcon1000-dataset,A00040462,multisite
train,fcon1000-dataset,A00040494,multisite
train,fcon1000-dataset,A00040500,multisite
train,fcon1000-dataset,A00040517,multisite
train,fcon1000-dataset,A00040525,multisite
train,fcon1000-dataset,A00040543,multisite
train,fcon1000-dataset,A00040580,multisite
train,fcon1000-dataset,A00040594,multisite
train,fcon1000-dataset,A00040599,multisite
train,fcon1000-dataset,A00040604,multisite
train,fcon1000-dataset,A00040623,multisite
train,fcon1000-dataset,A00040629,multisite
train,fcon1000-dataset,A00040640,multisite
train,fcon1000-dataset,A00040678,multisite
train,fcon1000-dataset,A00040741,multisite
train,fcon1000-dataset,A00040757,multisite
train,fcon1000-dataset,A00040784,multisite
train,fcon1000-dataset,A00040827,multisite
train,fcon1000-dataset,A00040891,multisite
train,fcon1000-dataset,A00040915,multisite
train,fcon1000-dataset,A00040944,multisite
train,fcon1000-dataset,A00041049,multisite
train,fcon1000-dataset,A00041540,multisite
train,fcon1000-dataset,A00043299,multisite
train,fcon1000-dataset,A00043384,multisite
train,fcon1000-dataset,A00043417,multisite
train,fcon1000-dataset,A00043466,multisite
train,fcon1000-dataset,A00043509,multisite
train,fcon1000-dataset,A00043521,multisite
train,fcon1000-dataset,A00043617,multisite
train,fcon1000-dataset,A00043634,multisite
train,fcon1000-dataset,A00043635,multisite
train,fcon1000-dataset,A00043649,multisite
train,fcon1000-dataset,A00043677,multisite
train,fcon1000-dataset,A00043704,multisite
train,fcon1000-dataset,A00043721,multisite
train,fcon1000-dataset,A00043762,multisite
train,fcon1000-dataset,A00043790,multisite
train,fcon1000-dataset,A00043998,multisite
train,fcon1000-dataset,A00044011,multisite
train,fcon1000-dataset,A00044012,multisite
train,fcon1000-dataset,A00044068,multisite
train,fcon1000-dataset,A00044130,multisite
train,fcon1000-dataset,A00044131,multisite
train,fcon1000-dataset,A00044154,multisite
train,fcon1000-dataset,A00044171,multisite
train,fcon1000-dataset,A00044291,multisite
train,fcon1000-dataset,A00044345,multisite
train,fcon1000-dataset,A00044369,multisite
train,fcon1000-dataset,A00044405,multisite
train,fcon1000-dataset,A00044408,multisite
train,fcon1000-dataset,A00044410,multisite
train,fcon1000-dataset,A00044427,multisite
train,fcon1000-dataset,A00045554,multisite
train,fcon1000-dataset,A00045590,multisite
train,fcon1000-dataset,A00050720,multisite
train,fcon1000-dataset,A00050721,multisite
train,fcon1000-dataset,A00050742,multisite
train,fcon1000-dataset,A00050911,multisite
train,fcon1000-dataset,A00050912,multisite
train,fcon1000-dataset,A00050998,multisite
train,fcon1000-dataset,A00051023,multisite
train,fcon1000-dataset,A00051063,multisite
train,fcon1000-dataset,A00051064,multisite
train,fcon1000-dataset,A00051455,multisite
train,fcon1000-dataset,A00051456,multisite
train,fcon1000-dataset,A00051457,multisite
train,fcon1000-dataset,A00051513,multisite
train,fcon1000-dataset,A00051514,multisite
train,fcon1000-dataset,A00051528,multisite
train,fcon1000-dataset,A00051529,multisite
train,fcon1000-dataset,A00051539,multisite
train,fcon1000-dataset,A00051603,multisite
train,fcon1000-dataset,A00051638,multisite
train,fcon1000-dataset,A00051658,multisite
train,fcon1000-dataset,A00051676,multisite
train,fcon1000-dataset,A00051679,multisite
train,fcon1000-dataset,A00051726,multisite
train,fcon1000-dataset,A00051774,multisite
train,fcon1000-dataset,A00051796,multisite
train,fcon1000-dataset,A00051835,multisite
train,fcon1000-dataset,A00051882,multisite
train,fcon1000-dataset,A00051927,multisite
train,fcon1000-dataset,A00052070,multisite
train,fcon1000-dataset,A00052117,multisite
train,fcon1000-dataset,A00052118,multisite
train,fcon1000-dataset,A00052181,multisite
train,fcon1000-dataset,A00052197,multisite
train,fcon1000-dataset,A00052214,multisite
train,fcon1000-dataset,A00052234,multisite
train,fcon1000-dataset,A00052307,multisite
train,fcon1000-dataset,A00052319,multisite
train,fcon1000-dataset,A00052340,multisite
train,fcon1000-dataset,A00052502,multisite
train,fcon1000-dataset,A00052560,multisite
train,fcon1000-dataset,A00052612,multisite
train,fcon1000-dataset,A00052639,multisite
train,fcon1000-dataset,A00053455,multisite
train,fcon1000-dataset,A00053456,multisite
train,fcon1000-dataset,A00053473,multisite
train,fcon1000-dataset,A00053474,multisite
train,fcon1000-dataset,A00053475,multisite
train,fcon1000-dataset,A00053546,multisite
train,fcon1000-dataset,A00053576,multisite
train,fcon1000-dataset,A00053577,multisite
train,fcon1000-dataset,A00053578,multisite
train,fcon1000-dataset,A00053626,multisite
train,fcon1000-dataset,A00053850,multisite
train,fcon1000-dataset,A00053851,multisite
train,fcon1000-dataset,A00053874,multisite
train,fcon1000-dataset,A00053901,multisite
train,fcon1000-dataset,A00053927,multisite
train,fcon1000-dataset,A00053949,multisite
train,fcon1000-dataset,A00054019,multisite
train,fcon1000-dataset,A00054038,multisite
train,fcon1000-dataset,A00054358,multisite
train,fcon1000-dataset,A00054482,multisite
train,fcon1000-dataset,A00054504,multisite
train,fcon1000-dataset,A00054532,multisite
train,fcon1000-dataset,A00054534,multisite
train,fcon1000-dataset,A00054621,multisite
train,fcon1000-dataset,A00054857,multisite
train,fcon1000-dataset,A00054895,multisite
train,fcon1000-dataset,A00054913,multisite
train,fcon1000-dataset,A00054929,multisite
train,fcon1000-dataset,A00055061,multisite
train,fcon1000-dataset,A00055215,multisite
train,fcon1000-dataset,A00055352,multisite
train,fcon1000-dataset,A00055353,multisite
train,fcon1000-dataset,A00055373,multisite
train,fcon1000-dataset,A00055446,multisite
train,fcon1000-dataset,A00055447,multisite
train,fcon1000-dataset,A00055542,multisite
train,fcon1000-dataset,A00055692,multisite
train,fcon1000-dataset,A00055763,multisite
train,fcon1000-dataset,A00055806,multisite
train,fcon1000-dataset,A00056489,multisite
train,fcon1000-dataset,A00056898,multisite
train,fcon1000-dataset,A00057005,multisite
train,fcon1000-dataset,A00057182,multisite
train,fcon1000-dataset,A00057183,multisite
train,fcon1000-dataset,A00057203,multisite
train,fcon1000-dataset,A00057406,multisite
train,fcon1000-dataset,A00057444,multisite
train,fcon1000-dataset,A00057786,multisite
train,fcon1000-dataset,A00058436,multisite
train,fcon1000-dataset,A00058621,multisite
train,fcon1000-dataset,A00058644,multisite
train,fcon1000-dataset,A00058998,multisite
train,fcon1000-dataset,A00058999,multisite
train,fcon1000-dataset,A00059074,multisite
train,fcon1000-dataset,A00059428,multisite
train,fcon1000-dataset,A00059662,multisite
train,fcon1000-dataset,A00059663,multisite
train,fcon1000-dataset,A00059756,multisite
train,fcon1000-dataset,A00059990,multisite
train,fcon1000-dataset,A00060005,multisite
train,fcon1000-dataset,A00060006,multisite
train,fcon1000-dataset,A00060169,multisite
train,fcon1000-dataset,A00060170,multisite
train,fcon1000-dataset,A00060184,multisite
train,fcon1000-dataset,A00060252,multisite
train,fcon1000-dataset,A00060302,multisite
train,fcon1000-dataset,A00060430,multisite
train,fcon1000-dataset,A00060431,multisite
train,fcon1000-dataset,A00060516,multisite
train,fcon1000-dataset,A00060574,multisite
train,fcon1000-dataset,A00060575,multisite
train,fcon1000-dataset,A00060576,multisite
train,fcon1000-dataset,A00060581,multisite
train,fcon1000-dataset,A00060582,multisite
train,fcon1000-dataset,A00060602,multisite
train,fcon1000-dataset,A00060629,multisite
train,fcon1000-dataset,A00060662,multisite
train,fcon1000-dataset,A00060848,multisite
train,fcon1000-dataset,A00060923,multisite
train,fcon1000-dataset,A00060925,multisite
train,fcon1000-dataset,A00061001,multisite
train,fcon1000-dataset,A00061203,multisite
train,fcon1000-dataset,A00061204,multisite
train,fcon1000-dataset,A00061210,multisite
train,fcon1000-dataset,A00061275,multisite
train,fcon1000-dataset,A00061281,multisite
train,fcon1000-dataset,A00061483,multisite
train,fcon1000-dataset,A00061485,multisite
train,fcon1000-dataset,A00061597,multisite
train,fcon1000-dataset,A00061600,multisite
train,fcon1000-dataset,A00061634,multisite
train,fcon1000-dataset,A00061647,multisite
train,fcon1000-dataset,A00061656,multisite
train,fcon1000-dataset,A00061711,multisite
train,fcon1000-dataset,A00061728,multisite
train,fcon1000-dataset,A00061767,multisite
train,fcon1000-dataset,A00061787,multisite
train,fcon1000-dataset,A00061790,multisite
train,fcon1000-dataset,A00061882,multisite
train,fcon1000-dataset,A00062210,multisite
train,fcon1000-dataset,A00062248,multisite
train,fcon1000-dataset,A00062255,multisite
train,fcon1000-dataset,A00062266,multisite
train,fcon1000-dataset,A00062268,multisite
train,fcon1000-dataset,A00062288,multisite
train,fcon1000-dataset,A00062368,multisite
train,fcon1000-dataset,A00062917,multisite
train,fcon1000-dataset,A00062923,multisite
train,fcon1000-dataset,A00062926,multisite
train,fcon1000-dataset,A00062928,multisite
train,fcon1000-dataset,A00062934,multisite
train,fcon1000-dataset,A00063031,multisite
train,fcon1000-dataset,A00063424,multisite
train,fcon1000-dataset,A00063455,multisite
train,fcon1000-dataset,A00063458,multisite
train,fcon1000-dataset,A00063473,multisite
train,fcon1000-dataset,A00063479,multisite
train,fcon1000-dataset,A00064058,multisite
train,fcon1000-dataset,A00064081,multisite
train,fcon1000-dataset,A00065302,multisite
train,fcon1000-dataset,A00065487,multisite
train,fcon1000-dataset,A00065565,multisite
train,fcon1000-dataset,A00065572,multisite
train,fcon1000-dataset,A00065574,multisite
train,fcon1000-dataset,A00065617,multisite
train,fcon1000-dataset,A00065717,multisite
train,fcon1000-dataset,A00065743,multisite
train,fcon1000-dataset,A00065865,multisite
train,fcon1000-dataset,A00065974,multisite
train,fcon1000-dataset,A00065991,multisite
train,fcon1000-dataset,A00066013,multisite
train,fcon1000-dataset,A00066087,multisite
train,fcon1000-dataset,A00066091,multisite
train,fcon1000-dataset,A00066130,multisite
train,fcon1000-dataset,A00066132,multisite
train,fcon1000-dataset,A00066153,multisite
train,fcon1000-dataset,A00066154,multisite
train,ixi-dataset,012,multisite
train,ixi-dataset,013,multisite
train,ixi-dataset,014,multisite
train,ixi-dataset,015,multisite
train,ixi-dataset,017,multisite
train,ixi-dataset,019,multisite
train,ixi-dataset,020,multisite
train,ixi-dataset,021,multisite
train,ixi-dataset,022,multisite
train,ixi-dataset,023,multisite
train,ixi-dataset,024,multisite
train,ixi-dataset,026,multisite
train,ixi-dataset,027,multisite
train,ixi-dataset,028,multisite
train,ixi-dataset,029,multisite
train,ixi-dataset,030,multisite
train,ixi-dataset,031,multisite
train,ixi-dataset,034,multisite
train,ixi-dataset,036,multisite
train,ixi-dataset,037,multisite
train,ixi-dataset,040,multisite
train,ixi-dataset,041,multisite
train,ixi-dataset,043,multisite
train,ixi-dataset,044,multisite
train,ixi-dataset,045,multisite
train,ixi-dataset,046,multisite
train,ixi-dataset,048,multisite
train,ixi-dataset,049,multisite
train,ixi-dataset,051,multisite
train,ixi-dataset,052,multisite
train,ixi-dataset,053,multisite
train,ixi-dataset,054,multisite
train,ixi-dataset,055,multisite
train,ixi-dataset,056,multisite
train,ixi-dataset,057,multisite
train,ixi-dataset,058,multisite
train,ixi-dataset,060,multisite
train,ixi-dataset,061,multisite
train,ixi-dataset,063,multisite
train,ixi-dataset,064,multisite
train,ixi-dataset,065,multisite
train,ixi-dataset,068,multisite
train,ixi-dataset,069,multisite
train,ixi-dataset,070,multisite
train,ixi-dataset,072,multisite
train,ixi-dataset,073,multisite
train,ixi-dataset,074,multisite
train,ixi-dataset,076,multisite
train,ixi-dataset,078,multisite
train,ixi-dataset,079,multisite
train,ixi-dataset,080,multisite
train,ixi-dataset,083,multisite
train,ixi-dataset,084,multisite
train,ixi-dataset,087,multisite
train,ixi-dataset,089,multisite
train,ixi-dataset,090,multisite
train,ixi-dataset,092,multisite
train,ixi-dataset,093,multisite
train,ixi-dataset,094,multisite
train,ixi-dataset,096,multisite
train,ixi-dataset,097,multisite
train,ixi-dataset,098,multisite
train,ixi-dataset,099,multisite
train,ixi-dataset,100,multisite
train,ixi-dataset,101,multisite
train,ixi-dataset,102,multisite
train,ixi-dataset,103,multisite
train,ixi-dataset,104,multisite
train,ixi-dataset,106,multisite
train,ixi-dataset,107,multisite
train,ixi-dataset,108,multisite
train,ixi-dataset,110,multisite
train,ixi-dataset,112,multisite
train,ixi-dataset,113,multisite
train,ixi-dataset,114,multisite
train,ixi-dataset,116,multisite
train,ixi-dataset,118,multisite
train,ixi-dataset,119,multisite
train,ixi-dataset,120,multisite
train,ixi-dataset,123,multisite
train,ixi-dataset,126,multisite
train,ixi-dataset,127,multisite
train,ixi-dataset,128,multisite
train,ixi-dataset,129,multisite
train,ixi-dataset,131,multisite
train,ixi-dataset,132,multisite
train,ixi-dataset,134,multisite
train,ixi-dataset,135,multisite
train,ixi-dataset,136,multisite
train,ixi-dataset,139,multisite
train,ixi-dataset,140,multisite
train,ixi-dataset,141,multisite
train,ixi-dataset,142,multisite
train,ixi-dataset,143,multisite
train,ixi-dataset,144,multisite
train,ixi-dataset,145,multisite
train,ixi-dataset,146,multisite
train,ixi-dataset,148,multisite
train,ixi-dataset,151,multisite
train,ixi-dataset,153,multisite
train,ixi-dataset,154,multisite
train,ixi-dataset,156,multisite
train,ixi-dataset,157,multisite
train,ixi-dataset,158,multisite
train,ixi-dataset,159,multisite
train,ixi-dataset,160,multisite
train,ixi-dataset,161,multisite
train,ixi-dataset,162,multisite
train,ixi-dataset,165,multisite
train,ixi-dataset,166,multisite
train,ixi-dataset,167,multisite
train,ixi-dataset,168,multisite
train,ixi-dataset,170,multisite
train,ixi-dataset,172,multisite
train,ixi-dataset,173,multisite
train,ixi-dataset,175,multisite
train,ixi-dataset,176,multisite
train,ixi-dataset,177,multisite
train,ixi-dataset,178,multisite
train,ixi-dataset,179,multisite
train,ixi-dataset,180,multisite
train,ixi-dataset,181,multisite
train,ixi-dataset,182,multisite
train,ixi-dataset,183,multisite
train,ixi-dataset,184,multisite
train,ixi-dataset,188,multisite
train,ixi-dataset,189,multisite
train,ixi-dataset,191,multisite
train,ixi-dataset,192,multisite
train,ixi-dataset,193,multisite
train,ixi-dataset,194,multisite
train,ixi-dataset,195,multisite
train,ixi-dataset,196,multisite
train,ixi-dataset,197,multisite
train,ixi-dataset,198,multisite
train,ixi-dataset,199,multisite
train,ixi-dataset,200,multisite
train,ixi-dataset,201,multisite
train,ixi-dataset,202,multisite
train,ixi-dataset,205,multisite
train,ixi-dataset,206,multisite
train,ixi-dataset,208,multisite
train,ixi-dataset,209,multisite
train,ixi-dataset,211,multisite
train,ixi-dataset,214,multisite
train,ixi-dataset,216,multisite
train,ixi-dataset,217,multisite
train,ixi-dataset,218,multisite
train,ixi-dataset,219,multisite
train,ixi-dataset,221,multisite
train,ixi-dataset,222,multisite
train,ixi-dataset,224,multisite
train,ixi-dataset,225,multisite
train,ixi-dataset,227,multisite
train,ixi-dataset,229,multisite
train,ixi-dataset,236,multisite
train,ixi-dataset,240,multisite
train,ixi-dataset,242,multisite
train,ixi-dataset,244,multisite
train,ixi-dataset,246,multisite
train,ixi-dataset,249,multisite
train,ixi-dataset,250,multisite
train,ixi-dataset,252,multisite
train,ixi-dataset,253,multisite
train,ixi-dataset,254,multisite
train,ixi-dataset,255,multisite
train,ixi-dataset,256,multisite
train,ixi-dataset,257,multisite
train,ixi-dataset,258,multisite
train,ixi-dataset,259,multisite
train,ixi-dataset,262,multisite
train,ixi-dataset,263,multisite
train,ixi-dataset,265,multisite
train,ixi-dataset,266,multisite
train,ixi-dataset,268,multisite
train,ixi-dataset,269,multisite
train,ixi-dataset,270,multisite
train,ixi-dataset,274,multisite
train,ixi-dataset,276,multisite
train,ixi-dataset,277,multisite
train,ixi-dataset,279,multisite
train,ixi-dataset,280,multisite
train,ixi-dataset,287,multisite
train,ixi-dataset,295,multisite
train,ixi-dataset,296,multisite
train,ixi-dataset,298,multisite
train,ixi-dataset,299,multisite
train,ixi-dataset,300,multisite
train,ixi-dataset,304,multisite
train,ixi-dataset,308,multisite
train,ixi-dataset,311,multisite
train,ixi-dataset,312,multisite
train,ixi-dataset,313,multisite
train,ixi-dataset,316,multisite
train,ixi-dataset,317,multisite
train,ixi-dataset,318,multisite
train,ixi-dataset,319,multisite
train,ixi-dataset,320,multisite
train,ixi-dataset,324,multisite
train,ixi-dataset,325,multisite
train,ixi-dataset,326,multisite
train,ixi-dataset,327,multisite
train,ixi-dataset,329,multisite
train,ixi-dataset,330,multisite
train,ixi-dataset,334,multisite
train,ixi-dataset,335,multisite
train,ixi-dataset,336,multisite
train,ixi-dataset,342,multisite
train,ixi-dataset,348,multisite
train,ixi-dataset,351,multisite
train,ixi-dataset,353,multisite
train,ixi-dataset,356,multisite
train,ixi-dataset,357,multisite
train,ixi-dataset,358,multisite
train,ixi-dataset,359,multisite
train,ixi-dataset,360,multisite
train,ixi-dataset,361,multisite
train,ixi-dataset,363,multisite
train,ixi-dataset,364,multisite
train,ixi-dataset,365,multisite
train,ixi-dataset,367,multisite
train,ixi-dataset,370,multisite
train,ixi-dataset,375,multisite
train,ixi-dataset,376,multisite
train,ixi-dataset,377,multisite
train,ixi-dataset,379,multisite
train,ixi-dataset,381,multisite
train,ixi-dataset,383,multisite
train,ixi-dataset,384,multisite
train,ixi-dataset,386,multisite
train,ixi-dataset,387,multisite
train,ixi-dataset,389,multisite
train,ixi-dataset,390,multisite
train,ixi-dataset,391,multisite
train,ixi-dataset,392,multisite
train,ixi-dataset,393,multisite
train,ixi-dataset,394,multisite
train,ixi-dataset,396,multisite
train,ixi-dataset,397,multisite
train,ixi-dataset,400,multisite
train,ixi-dataset,401,multisite
train,ixi-dataset,403,multisite
train,ixi-dataset,404,multisite
train,ixi-dataset,406,multisite
train,ixi-dataset,407,multisite
train,ixi-dataset,408,multisite
train,ixi-dataset,410,multisite
train,ixi-dataset,411,multisite
train,ixi-dataset,413,multisite
train,ixi-dataset,414,multisite
train,ixi-dataset,415,multisite
train,ixi-dataset,416,multisite
train,ixi-dataset,418,multisite
train,ixi-dataset,419,multisite
train,ixi-dataset,422,multisite
train,ixi-dataset,428,multisite
train,ixi-dataset,429,multisite
train,ixi-dataset,432,multisite
train,ixi-dataset,436,multisite
train,ixi-dataset,437,multisite
train,ixi-dataset,438,multisite
train,ixi-dataset,439,multisite
train,ixi-dataset,440,multisite
train,ixi-dataset,444,multisite
train,ixi-dataset,445,multisite
train,ixi-dataset,448,multisite
train,ixi-dataset,450,multisite
train,ixi-dataset,451,multisite
train,ixi-dataset,452,multisite
train,ixi-dataset,453,multisite
train,ixi-dataset,454,multisite
train,ixi-dataset,458,multisite
train,ixi-dataset,459,multisite
train,ixi-dataset,460,multisite
train,ixi-dataset,461,multisite
train,ixi-dataset,465,multisite
train,ixi-dataset,467,multisite
train,ixi-dataset,468,multisite
train,ixi-dataset,479,multisite
train,ixi-dataset,480,multisite
train,ixi-dataset,483,multisite
train,ixi-dataset,485,multisite
train,ixi-dataset,487,multisite
train,ixi-dataset,489,multisite
train,ixi-dataset,493,multisite
train,ixi-dataset,494,multisite
train,ixi-dataset,495,multisite
train,ixi-dataset,497,multisite
train,ixi-dataset,498,multisite
train,ixi-dataset,499,multisite
train,ixi-dataset,500,multisite
train,ixi-dataset,501,multisite
train,ixi-dataset,503,multisite
train,ixi-dataset,504,multisite
train,ixi-dataset,506,multisite
train,ixi-dataset,507,multisite
train,ixi-dataset,512,multisite
train,ixi-dataset,515,multisite
train,ixi-dataset,516,multisite
train,ixi-dataset,518,multisite
train,ixi-dataset,519,multisite
train,ixi-dataset,522,multisite
train,ixi-dataset,524,multisite
train,ixi-dataset,525,multisite
train,ixi-dataset,526,multisite
train,ixi-dataset,527,multisite
train,ixi-dataset,528,multisite
train,ixi-dataset,531,multisite
train,ixi-dataset,533,multisite
train,ixi-dataset,534,multisite
train,ixi-dataset,536,multisite
train,ixi-dataset,537,multisite
train,ixi-dataset,538,multisite
train,ixi-dataset,539,multisite
train,ixi-dataset,544,multisite
train,ixi-dataset,549,multisite
train,ixi-dataset,552,multisite
train,ixi-dataset,554,multisite
train,ixi-dataset,555,multisite
train,ixi-dataset,556,multisite
train,ixi-dataset,558,multisite
train,ixi-dataset,559,multisite
train,ixi-dataset,560,multisite
train,ixi-dataset,562,multisite
train,ixi-dataset,565,multisite
train,ixi-dataset,566,multisite
train,ixi-dataset,567,multisite
train,ixi-dataset,568,multisite
train,ixi-dataset,569,multisite
train,ixi-dataset,575,multisite
train,ixi-dataset,576,multisite
train,ixi-dataset,577,multisite
train,ixi-dataset,578,multisite
train,ixi-dataset,579,multisite
train,ixi-dataset,582,multisite
train,ixi-dataset,584,multisite
train,ixi-dataset,585,multisite
train,ixi-dataset,587,multisite
train,ixi-dataset,591,multisite
train,ixi-dataset,592,multisite
train,ixi-dataset,593,multisite
train,ixi-dataset,594,multisite
train,ixi-dataset,598,multisite
train,ixi-dataset,599,multisite
train,ixi-dataset,600,multisite
train,ixi-dataset,601,multisite
train,ixi-dataset,603,multisite
train,ixi-dataset,606,multisite
train,ixi-dataset,608,multisite
train,ixi-dataset,609,multisite
train,ixi-dataset,611,multisite
train,ixi-dataset,612,multisite
train,ixi-dataset,613,multisite
train,ixi-dataset,614,multisite
train,ixi-dataset,616,multisite
train,ixi-dataset,617,multisite
train,ixi-dataset,618,multisite
train,ixi-dataset,619,multisite
train,ixi-dataset,621,multisite
train,ixi-dataset,622,multisite
train,ixi-dataset,625,multisite
train,ixi-dataset,626,multisite
train,ixi-dataset,627,multisite
train,ixi-dataset,629,multisite
train,ixi-dataset,630,multisite
train,ixi-dataset,631,multisite
train,ixi-dataset,632,multisite
train,ixi-dataset,633,multisite
train,ixi-dataset,634,multisite
train,ixi-dataset,635,multisite
train,ixi-dataset,640,multisite
train,ixi-dataset,641,multisite
train,ixi-dataset,642,multisite
train,ixi-dataset,644,multisite
train,ixi-dataset,646,multisite
train,ixi-dataset,648,multisite
train,ixi-dataset,652,multisite
train,ixi-dataset,662,multisite
train,oasis-2,OAS2_0001_MR1,multisite
train,oasis-2,OAS2_0004_MR2,multisite
train,oasis-2,OAS2_0005_MR1,multisite
train,oasis-2,OAS2_0008_MR2,multisite
train,oasis-2,OAS2_0012_MR1,multisite
train,oasis-2,OAS2_0013_MR1,multisite
train,oasis-2,OAS2_0022_MR1,multisite
train,oasis-2,OAS2_0027_MR2,multisite
train,oasis-2,OAS2_0029_MR1,multisite
train,oasis-2,OAS2_0030_MR1,multisite
train,oasis-2,OAS2_0034_MR1,multisite
train,oasis-2,OAS2_0035_MR1,multisite
train,oasis-2,OAS2_0036_MR1,multisite
train,oasis-2,OAS2_0042_MR1,multisite
train,oasis-2,OAS2_0045_MR1,multisite
train,oasis-2,OAS2_0047_MR1,multisite
train,oasis-2,OAS2_0049_MR2,multisite
train,oasis-2,OAS2_0052_MR1,multisite
train,oasis-2,OAS2_0053_MR1,multisite
train,oasis-2,OAS2_0055_MR1,multisite
train,oasis-2,OAS2_0056_MR1,multisite
train,oasis-2,OAS2_0057_MR1,multisite
train,oasis-2,OAS2_0061_MR1,multisite
train,oasis-2,OAS2_0062_MR1,multisite
train,oasis-2,OAS2_0067_MR1,multisite
train,oasis-2,OAS2_0069_MR1,multisite
train,oasis-2,OAS2_0070_MR1,multisite
train,oasis-2,OAS2_0073_MR1,multisite
train,oasis-2,OAS2_0077_MR1,multisite
train,oasis-2,OAS2_0078_MR1,multisite
train,oasis-2,OAS2_0085_MR1,multisite
train,oasis-2,OAS2_0086_MR1,multisite
train,oasis-2,OAS2_0090_MR1,multisite
train,oasis-2,OAS2_0091_MR1,multisite
train,oasis-2,OAS2_0094_MR1,multisite
train,oasis-2,OAS2_0095_MR1,multisite
train,oasis-2,OAS2_0096_MR1,multisite
train,oasis-2,OAS2_0100_MR1,multisite
train,oasis-2,OAS2_0101_MR1,multisite
train,oasis-2,OAS2_0109_MR1,multisite
train,oasis-2,OAS2_0117_MR1,multisite
train,oasis-2,OAS2_0119_MR1,multisite
train,oasis-2,OAS2_0121_MR1,multisite
train,oasis-2,OAS2_0122_MR2,multisite
train,oasis-2,OAS2_0126_MR2,multisite
train,oasis-2,OAS2_0128_MR1,multisite
train,oasis-2,OAS2_0129_MR1,multisite
train,oasis-2,OAS2_0135_MR1,multisite
train,oasis-2,OAS2_0138_MR1,multisite
train,oasis-2,OAS2_0141_MR1,multisite
train,oasis-2,OAS2_0142_MR1,multisite
train,oasis-2,OAS2_0143_MR1,multisite
train,oasis-2,OAS2_0147_MR1,multisite
train,oasis-2,OAS2_0149_MR1,multisite
train,oasis-2,OAS2_0156_MR1,multisite
train,oasis-2,OAS2_0158_MR2,multisite
train,oasis-2,OAS2_0161_MR1,multisite
train,oasis-2,OAS2_0169_MR2,multisite
train,oasis-2,OAS2_0171_MR1,multisite
train,oasis-2,OAS2_0174_MR1,multisite
train,oasis-2,OAS2_0178_MR1,multisite
train,oasis-2,OAS2_0183_MR1,multisite
train,oasis-2,OAS2_0186_MR1,multisite
validation,abide-i-dataset,0050059,multisite
validation,abide-i-dataset,0050262,multisite
validation,abide-i-dataset,0050348,multisite
validation,abide-i-dataset,0050432,multisite
validation,abide-i-dataset,0050444,multisite
validation,abide-i-dataset,0050452,multisite
validation,abide-i-dataset,0050660,multisite
validation,abide-i-dataset,0050668,multisite
validation,abide-i-dataset,0050685,multisite
validation,abide-i-dataset,0050687,multisite
validation,abide-i-dataset,0050707,multisite
validation,abide-i-dataset,0051057,multisite
validation,abide-i-dataset,0051060,multisite
validation,abide-i-dataset,0051151,multisite
validation,abide-i-dataset,0051365,multisite
validation,abide-i-dataset,0051371,multisite
validation,adni,118701,multisite
validation,adni,118702,multisite
validation,adni,118766,multisite
validation,adni,119196,multisite
validation,adni,119198,multisite
validation,adni,119221,multisite
validation,adni,119400,multisite
validation,adni,124897,multisite
validation,adni,32672,multisite
validation,adni,33105,multisite
validation,adni,34316,multisite
validation,adni,34384,multisite
validation,adni,34537,multisite
validation,adni,42832,multisite
validation,adni,49675,multisite
validation,adni,50506,multisite
validation,adni,50557,multisite
validation,adni,60664,multisite
validation,adni,64427,multisite
validation,adni,65104,multisite
validation,adni,65566,multisite
validation,adni,66069,multisite
validation,adni,73506,multisite
validation,adni,78618,multisite
validation,adni,78903,multisite
validation,camcan,110033,multisite
validation,camcan,110069,multisite
validation,camcan,112141,multisite
validation,camcan,120061,multisite
validation,camcan,120309,multisite
validation,camcan,121685,multisite
validation,camcan,210304,multisite
validation,camcan,210526,multisite
validation,camcan,220372,multisite
validation,camcan,220526,multisite
validation,camcan,220806,multisite
validation,camcan,221220,multisite
validation,camcan,221775,multisite
validation,camcan,221977,multisite
validation,camcan,310203,multisite
validation,camcan,310214,multisite
validation,camcan,310414,multisite
validation,camcan,320342,multisite
validation,camcan,320478,multisite
validation,camcan,320574,multisite
validation,camcan,410032,multisite
validation,camcan,410101,multisite
validation,camcan,410113,multisite
validation,camcan,410297,multisite
validation,camcan,410390,multisite
validation,camcan,412004,multisite
validation,camcan,420162,multisite
validation,camcan,420198,multisite
validation,camcan,420493,multisite
validation,camcan,420888,multisite
validation,camcan,510050,multisite
validation,camcan,510255,multisite
validation,camcan,510433,multisite
validation,camcan,510534,multisite
validation,camcan,510548,multisite
validation,camcan,510551,multisite
validation,camcan,512003,multisite
validation,camcan,520083,multisite
validation,camcan,520200,multisite
validation,camcan,520209,multisite
validation,camcan,520395,multisite
validation,camcan,520624,multisite
validation,camcan,610101,multisite
validation,camcan,610146,multisite
validation,camcan,610469,multisite
validation,camcan,620005,multisite
validation,camcan,620090,multisite
validation,camcan,620121,multisite
validation,camcan,620129,multisite
validation,camcan,620354,multisite
validation,camcan,620515,multisite
validation,camcan,710416,multisite
validation,camcan,711128,multisite
validation,camcan,720023,multisite
validation,camcan,720103,multisite
validation,camcan,721114,multisite
validation,camcan,721377,multisite
validation,camcan,721648,multisite
validation,camcan,721888,multisite
validation,camcan,721891,multisite
validation,cc-359,0007,multisite
validation,cc-359,0009,multisite
validation,cc-359,0021,multisite
validation,cc-359,0030,multisite
validation,cc-359,0051,multisite
validation,cc-359,0052,multisite
validation,cc-359,0053,multisite
validation,cc-359,0066,multisite
validation,cc-359,0084,multisite
validation,cc-359,0090,multisite
validation,cc-359,0097,multisite
validation,cc-359,0132,multisite
validation,cc-359,0139,multisite
validation,cc-359,0140,multisite
validation,cc-359,0153,multisite
validation,cc-359,0169,multisite
validation,cc-359,0171,multisite
validation,cc-359,0174,multisite
validation,cc-359,0196,multisite
validation,cc-359,0205,multisite
validation,cc-359,0223,multisite
validation,cc-359,0233,multisite
validation,cc-359,0240,multisite
validation,cc-359,0246,multisite
validation,cc-359,0248,multisite
validation,cc-359,0254,multisite
validation,cc-359,0265,multisite
validation,cc-359,0267,multisite
validation,cc-359,0288,multisite
validation,cc-359,0308,multisite
validation,cc-359,0314,multisite
validation,cc-359,0319,multisite
validation,cc-359,0343,multisite
validation,cc-359,0349,multisite
validation,cc-359,0353,multisite
validation,fcon1000-dataset,A00027651,multisite
validation,fcon1000-dataset,A00028625,multisite
validation,fcon1000-dataset,A00028995,multisite
validation,fcon1000-dataset,A00029104,multisite
validation,fcon1000-dataset,A00030912,multisite
validation,fcon1000-dataset,A00030989,multisite
validation,fcon1000-dataset,A00031166,multisite
validation,fcon1000-dataset,A00031872,multisite
validation,fcon1000-dataset,A00032007,multisite
validation,fcon1000-dataset,A00034193,multisite
validation,fcon1000-dataset,A00035072,multisite
validation,fcon1000-dataset,A00035562,multisite
validation,fcon1000-dataset,A00037267,multisite
validation,fcon1000-dataset,A00037377,multisite
validation,fcon1000-dataset,A00037439,multisite
validation,fcon1000-dataset,A00037476,multisite
validation,fcon1000-dataset,A00037831,multisite
validation,fcon1000-dataset,A00038806,multisite
validation,fcon1000-dataset,A00039084,multisite
validation,fcon1000-dataset,A00039640,multisite
validation,fcon1000-dataset,A00039819,multisite
validation,fcon1000-dataset,A00039975,multisite
validation,fcon1000-dataset,A00040351,multisite
validation,fcon1000-dataset,A00040493,multisite
validation,fcon1000-dataset,A00040628,multisite
validation,fcon1000-dataset,A00040740,multisite
validation,fcon1000-dataset,A00040890,multisite
validation,fcon1000-dataset,A00043520,multisite
validation,fcon1000-dataset,A00043739,multisite
validation,fcon1000-dataset,A00044370,multisite
validation,fcon1000-dataset,A00045589,multisite
validation,fcon1000-dataset,A00050795,multisite
validation,fcon1000-dataset,A00051604,multisite
validation,fcon1000-dataset,A00051925,multisite
validation,fcon1000-dataset,A00052125,multisite
validation,fcon1000-dataset,A00052235,multisite
validation,fcon1000-dataset,A00053369,multisite
validation,fcon1000-dataset,A00053625,multisite
validation,fcon1000-dataset,A00054153,multisite
validation,fcon1000-dataset,A00054441,multisite
validation,fcon1000-dataset,A00054533,multisite
validation,fcon1000-dataset,A00054914,multisite
validation,fcon1000-dataset,A00056097,multisite
validation,fcon1000-dataset,A00057235,multisite
validation,fcon1000-dataset,A00058503,multisite
validation,fcon1000-dataset,A00060259,multisite
validation,fcon1000-dataset,A00060306,multisite
validation,fcon1000-dataset,A00060372,multisite
validation,fcon1000-dataset,A00060630,multisite
validation,fcon1000-dataset,A00061274,multisite
validation,fcon1000-dataset,A00062929,multisite
validation,fcon1000-dataset,A00063326,multisite
validation,fcon1000-dataset,A00063450,multisite
validation,fcon1000-dataset,A00063589,multisite
validation,ixi-dataset,002,multisite
validation,ixi-dataset,016,multisite
validation,ixi-dataset,025,multisite
validation,ixi-dataset,033,multisite
validation,ixi-dataset,038,multisite
validation,ixi-dataset,042,multisite
validation,ixi-dataset,059,multisite
validation,ixi-dataset,062,multisite
validation,ixi-dataset,091,multisite
validation,ixi-dataset,095,multisite
validation,ixi-dataset,105,multisite
validation,ixi-dataset,109,multisite
validation,ixi-dataset,111,multisite
validation,ixi-dataset,130,multisite
validation,ixi-dataset,137,multisite
validation,ixi-dataset,138,multisite
validation,ixi-dataset,186,multisite
validation,ixi-dataset,212,multisite
validation,ixi-dataset,239,multisite
validation,ixi-dataset,247,multisite
validation,ixi-dataset,260,multisite
validation,ixi-dataset,261,multisite
validation,ixi-dataset,264,multisite
validation,ixi-dataset,267,multisite
validation,ixi-dataset,282,multisite
validation,ixi-dataset,285,multisite
validation,ixi-dataset,286,multisite
validation,ixi-dataset,288,multisite
validation,ixi-dataset,289,multisite
validation,ixi-dataset,297,multisite
validation,ixi-dataset,302,multisite
validation,ixi-dataset,328,multisite
validation,ixi-dataset,344,multisite
validation,ixi-dataset,409,multisite
validation,ixi-dataset,412,multisite
validation,ixi-dataset,417,multisite
validation,ixi-dataset,441,multisite
validation,ixi-dataset,481,multisite
validation,ixi-dataset,488,multisite
validation,ixi-dataset,491,multisite
validation,ixi-dataset,502,multisite
validation,ixi-dataset,511,multisite
validation,ixi-dataset,535,multisite
validation,ixi-dataset,546,multisite
validation,ixi-dataset,572,multisite
validation,ixi-dataset,586,multisite
validation,ixi-dataset,607,multisite
validation,oasis-2,OAS2_0017_MR1,multisite
validation,oasis-2,OAS2_0051_MR1,multisite
validation,oasis-2,OAS2_0076_MR1,multisite
validation,oasis-2,OAS2_0097_MR1,multisite
validation,oasis-2,OAS2_0105_MR2,multisite
validation,oasis-2,OAS2_0152_MR1,multisite
validation,oasis-2,OAS2_0154_MR1,multisite
validation,oasis-2,OAS2_0177_MR1,multisite
